<?xml version="1.0" encoding="UTF-8" ?>
<!DOCTYPE mapper PUBLIC "-//mybatis.org//DTD Mapper 3.0//EN" "http://mybatis.org/dtd/mybatis-3-mapper.dtd">
<mapper namespace="com.tnp.trader.center.core.provider.dao.mapper.TnpIndustryRateConfigMapper">
  <resultMap id="BaseResultMap" type="com.tnp.trader.center.core.provider.dao.model.TnpIndustryRateConfig">
      <result column="industry_name"  property="industryName"  jdbcType="VARCHAR"  />
      <result column="industry_id"  property="industryId"  jdbcType="VARCHAR"  />
      <result column="rate"  property="rate"  jdbcType="VARCHAR"  />
      <result column="guarantee_days"  property="guaranteeDays"  jdbcType="INTEGER"  />
      <result column="max_service_fee"  property="maxServiceFee"  jdbcType="BIGINT"  />
      <result column="min_service_fee"  property="minServiceFee"  jdbcType="BIGINT"  />
      <result column="create_time"  property="createTime"  jdbcType="TIMESTAMP"  />
      <result column="modify_time"  property="modifyTime"  jdbcType="TIMESTAMP"  />
      <result column="begin_time"  property="beginTime"  jdbcType="TIMESTAMP"  />
      <result column="end_time"  property="endTime"  jdbcType="TIMESTAMP"  />
  </resultMap>

  <sql id="baseColumns">
      industry_name,
      industry_id,
      rate,
      guarantee_days,
      max_service_fee,
      min_service_fee,
      create_time,
      modify_time,
      begin_time,
      end_time
  </sql>

  <insert id="insert" parameterType="com.tnp.trader.center.core.provider.dao.model.TnpIndustryRateConfig">
      insert into tnp_industry_rate_config  (<include refid="baseColumns"/>) values
(#{industryName,jdbcType=VARCHAR},#{industryId,jdbcType=VARCHAR},#{rate,jdbcType=VARCHAR},#{guaranteeDays,jdbcType=INTEGER},#{maxServiceFee,jdbcType=BIGINT},#{minServiceFee,jdbcType=BIGINT},sysdate(),sysdate(),#{beginTime,jdbcType=TIMESTAMP},#{endTime,jdbcType=TIMESTAMP})
  </insert>

  <select id="listByCondition" resultMap="BaseResultMap" parameterType="com.tnp.trader.center.core.provider.dao.model.TnpIndustryRateConfig">
      select   <include refid="baseColumns"/> 
   from tnp_industry_rate_config where 1=1
      <if test="industryName != null">
  and   industry_name = #{industryName,jdbcType=VARCHAR}
      </if>
      <if test="industryId != null">
  and   industry_id = #{industryId,jdbcType=VARCHAR}
      </if>
      <if test="rate != null">
  and   rate = #{rate,jdbcType=VARCHAR}
      </if>
      <if test="guaranteeDays != null">
  and   guarantee_days = #{guaranteeDays,jdbcType=INTEGER}
      </if>
      <if test="maxServiceFee != null">
  and   max_service_fee = #{maxServiceFee,jdbcType=BIGINT}
      </if>
      <if test="minServiceFee != null">
  and   min_service_fee = #{minServiceFee,jdbcType=BIGINT}
      </if>
      <if test="createTime != null">
  and   create_time = #{createTime,jdbcType=TIMESTAMP}
      </if>
      <if test="modifyTime != null">
  and   modify_time = #{modifyTime,jdbcType=TIMESTAMP}
      </if>
      <if test="beginTime != null">
  and   begin_time = #{beginTime,jdbcType=TIMESTAMP}
      </if>
      <if test="endTime != null">
  and   end_time = #{endTime,jdbcType=TIMESTAMP}
      </if>
  </select>

  <select id="pageByCondition" resultMap="BaseResultMap" parameterType="com.tnp.trader.center.core.provider.dao.model.TnpIndustryRateConfigWhereDto">
  select <include refid="baseColumns"/> 
   from tnp_industry_rate_config where 1=1
      <if test="startDate != null" >
     and <![CDATA[create_time >= #{startDate,jdbcType=TIMESTAMP} ]]>
      </if>
      <if test="endDate != null" >
    and  <![CDATA[create_time <= #{endDate,jdbcType=TIMESTAMP} + 1 ]]>
      </if>
      <if test="industryName!= null">
  and   industry_name = #{industryName,jdbcType=VARCHAR}
       </if>
      <if test="industryId!= null">
  and   industry_id = #{industryId,jdbcType=VARCHAR}
       </if>
      <if test="rate!= null">
  and   rate = #{rate,jdbcType=VARCHAR}
       </if>
      <if test="guaranteeDays!= null">
  and   guarantee_days = #{guaranteeDays,jdbcType=INTEGER}
       </if>
      <if test="maxServiceFee!= null">
  and   max_service_fee = #{maxServiceFee,jdbcType=BIGINT}
       </if>
      <if test="minServiceFee!= null">
  and   min_service_fee = #{minServiceFee,jdbcType=BIGINT}
       </if>
      <if test="modifyTime!= null">
  and   modify_time = #{modifyTime,jdbcType=TIMESTAMP}
       </if>
      <if test="beginTime!= null">
  and   begin_time = #{beginTime,jdbcType=TIMESTAMP}
       </if>
      <if test="endTime!= null">
  and   end_time = #{endTime,jdbcType=TIMESTAMP}
       </if>
   limit #{offset}, #{limit} 
  </select>

  <select id="countByCondition" resultType="int" parameterType="com.tnp.trader.center.core.provider.dao.model.TnpIndustryRateConfigWhereDto">
         select count(1)  from tnp_industry_rate_config where 1=1
      <if test="startDate != null" >
   and   <![CDATA[create_time >= #{startDate,jdbcType=TIMESTAMP} ]]>
      </if>
      <if test="endDate != null" >
  and    <![CDATA[create_time <= #{endDate,jdbcType=TIMESTAMP} + 1 ]]>
      </if>
     <if test="industryName != null">
   and  industry_name = #{industryName,jdbcType=VARCHAR}
      </if>
     <if test="industryId != null">
   and  industry_id = #{industryId,jdbcType=VARCHAR}
      </if>
     <if test="rate != null">
   and  rate = #{rate,jdbcType=VARCHAR}
      </if>
     <if test="guaranteeDays != null">
   and  guarantee_days = #{guaranteeDays,jdbcType=INTEGER}
      </if>
     <if test="maxServiceFee != null">
   and  max_service_fee = #{maxServiceFee,jdbcType=BIGINT}
      </if>
     <if test="minServiceFee != null">
   and  min_service_fee = #{minServiceFee,jdbcType=BIGINT}
      </if>
     <if test="modifyTime != null">
   and  modify_time = #{modifyTime,jdbcType=TIMESTAMP}
      </if>
     <if test="beginTime != null">
   and  begin_time = #{beginTime,jdbcType=TIMESTAMP}
      </if>
     <if test="endTime != null">
   and  end_time = #{endTime,jdbcType=TIMESTAMP}
      </if>
  </select>

  <update id="updateByIndustryId" parameterType="com.tnp.trader.center.core.provider.dao.model.TnpIndustryRateConfig">
      update tnp_industry_rate_config  set 
      modify_time = sysdate()
     <if test="industryName != null">
         ,industry_name = #{industryName,jdbcType=VARCHAR}
      </if>
     <if test="industryId != null">
         ,industry_id = #{industryId,jdbcType=VARCHAR}
      </if>
     <if test="rate != null">
         ,rate = #{rate,jdbcType=VARCHAR}
      </if>
     <if test="guaranteeDays != null">
         ,guarantee_days = #{guaranteeDays,jdbcType=INTEGER}
      </if>
     <if test="maxServiceFee != null">
         ,max_service_fee = #{maxServiceFee,jdbcType=BIGINT}
      </if>
     <if test="minServiceFee != null">
         ,min_service_fee = #{minServiceFee,jdbcType=BIGINT}
      </if>
     <if test="createTime != null">
         ,create_time = #{createTime,jdbcType=TIMESTAMP}
      </if>
     <if test="beginTime != null">
         ,begin_time = #{beginTime,jdbcType=TIMESTAMP}
      </if>
     <if test="endTime != null">
         ,end_time = #{endTime,jdbcType=TIMESTAMP}
      </if>
      where industry_id = #{industryId,jdbcType=VARCHAR}
    </update>

  <delete id="deleteByIndustryId" parameterType="com.tnp.trader.center.core.provider.dao.model.TnpIndustryRateConfig">
      delete from tnp_industry_rate_config
      where industry_id = #{industryId,jdbcType=VARCHAR}  
  </delete>

  <select id="queryByIndustryId" resultMap="BaseResultMap" parameterType="com.tnp.trader.center.core.provider.dao.model.TnpIndustryRateConfig">
      select   <include refid="baseColumns"/> from
     tnp_industry_rate_config
      where industry_id = #{industryId,jdbcType=VARCHAR}  
  </select>

</mapper>