<?xml version="1.0" encoding="UTF-8" ?>
<!DOCTYPE mapper PUBLIC "-//mybatis.org//DTD Mapper 3.0//EN" "http://mybatis.org/dtd/mybatis-3-mapper.dtd">
<mapper namespace="com.tnp.trader.center.core.provider.dao.mapper.TnpApplyFlowMapper">
  <resultMap id="BaseResultMap" type="com.tnp.trader.center.core.provider.dao.model.TnpApplyFlow">
      <result column="id"  property="id"  jdbcType="VARCHAR"  />
      <result column="ref_type"  property="refType"  jdbcType="VARCHAR"  />
      <result column="form_id"  property="formId"  jdbcType="VARCHAR"  />
      <result column="apply_id"  property="applyId"  jdbcType="VARCHAR"  />
      <result column="apply_name"  property="applyName"  jdbcType="VARCHAR"  />
      <result column="apply_time"  property="applyTime"  jdbcType="TIMESTAMP"  />
      <result column="last_verify_id"  property="lastVerifyId"  jdbcType="VARCHAR"  />
      <result column="last_verify_name"  property="lastVerifyName"  jdbcType="VARCHAR"  />
      <result column="last_verify_time"  property="lastVerifyTime"  jdbcType="TIMESTAMP"  />
      <result column="last_verify_info"  property="lastVerifyInfo"  jdbcType="VARCHAR"  />
      <result column="status"  property="status"  jdbcType="VARCHAR"  />
      <result column="apply_param"  property="applyParam"  jdbcType="VARCHAR"  />
      <result column="create_time"  property="createTime"  jdbcType="TIMESTAMP"  />
      <result column="modify_time"  property="modifyTime"  jdbcType="TIMESTAMP"  />
      <result column="sys_status"  property="sysStatus"  jdbcType="VARCHAR"  />
      <result column="apply_title"  property="applyTitle"  jdbcType="VARCHAR"  />
      <result column="descn"  property="descn"  jdbcType="VARCHAR"  />
      <result column="sys_handle_time"  property="sysHandleTime"  jdbcType="TIMESTAMP"  />
  </resultMap>

  <sql id="baseColumns">
      id,
      ref_type,
      form_id,
      apply_id,
      apply_name,
      apply_time,
      last_verify_id,
      last_verify_name,
      last_verify_time,
      last_verify_info,
      status,
      apply_param,
      create_time,
      modify_time,
      sys_status,
      apply_title,
      descn,
      sys_handle_time
  </sql>

  <insert id="insert" parameterType="com.tnp.trader.center.core.provider.dao.model.TnpApplyFlow">
      insert into tnp_apply_flow  (<include refid="baseColumns"/>) values
(#{id,jdbcType=VARCHAR},#{refType,jdbcType=VARCHAR},#{formId,jdbcType=VARCHAR},#{applyId,jdbcType=VARCHAR},#{applyName,jdbcType=VARCHAR},#{applyTime,jdbcType=TIMESTAMP},#{lastVerifyId,jdbcType=VARCHAR},#{lastVerifyName,jdbcType=VARCHAR},#{lastVerifyTime,jdbcType=TIMESTAMP},#{lastVerifyInfo,jdbcType=VARCHAR},#{status,jdbcType=VARCHAR},#{applyParam,jdbcType=VARCHAR},sysdate(),sysdate(),#{sysStatus,jdbcType=VARCHAR},#{applyTitle,jdbcType=VARCHAR},#{descn,jdbcType=VARCHAR},#{sysHandleTime,jdbcType=TIMESTAMP})
  </insert>

  <select id="listByCondition" resultMap="BaseResultMap" parameterType="com.tnp.trader.center.core.provider.dao.model.TnpApplyFlow">
      select   <include refid="baseColumns"/> 
   from tnp_apply_flow where 1=1
      <if test="id != null">
  and   id = #{id,jdbcType=VARCHAR}
      </if>
      <if test="refType != null">
  and   ref_type = #{refType,jdbcType=VARCHAR}
      </if>
      <if test="formId != null">
  and   form_id = #{formId,jdbcType=VARCHAR}
      </if>
      <if test="applyId != null">
  and   apply_id = #{applyId,jdbcType=VARCHAR}
      </if>
      <if test="applyName != null">
  and   apply_name = #{applyName,jdbcType=VARCHAR}
      </if>
      <if test="applyTime != null">
  and   apply_time = #{applyTime,jdbcType=TIMESTAMP}
      </if>
      <if test="lastVerifyId != null">
  and   last_verify_id = #{lastVerifyId,jdbcType=VARCHAR}
      </if>
      <if test="lastVerifyName != null">
  and   last_verify_name = #{lastVerifyName,jdbcType=VARCHAR}
      </if>
      <if test="lastVerifyTime != null">
  and   last_verify_time = #{lastVerifyTime,jdbcType=TIMESTAMP}
      </if>
      <if test="lastVerifyInfo != null">
  and   last_verify_info = #{lastVerifyInfo,jdbcType=VARCHAR}
      </if>
      <if test="status != null">
  and   status = #{status,jdbcType=VARCHAR}
      </if>
      <if test="applyParam != null">
  and   apply_param = #{applyParam,jdbcType=VARCHAR}
      </if>
      <if test="createTime != null">
  and   create_time = #{createTime,jdbcType=TIMESTAMP}
      </if>
      <if test="modifyTime != null">
  and   modify_time = #{modifyTime,jdbcType=TIMESTAMP}
      </if>
      <if test="sysStatus != null">
  and   sys_status = #{sysStatus,jdbcType=VARCHAR}
      </if>
      <if test="applyTitle != null">
  and   apply_title = #{applyTitle,jdbcType=VARCHAR}
      </if>
      <if test="descn != null">
  and   descn = #{descn,jdbcType=VARCHAR}
      </if>
      <if test="sysHandleTime != null">
  and   sys_handle_time = #{sysHandleTime,jdbcType=TIMESTAMP}
      </if>
  </select>

  <select id="pageByCondition" resultMap="BaseResultMap" parameterType="com.tnp.trader.center.core.provider.dao.model.TnpApplyFlowWhereDto">
  select <include refid="baseColumns"/> 
   from tnp_apply_flow where 1=1
      <if test="startDate != null" >
     and <![CDATA[create_time >= #{startDate,jdbcType=TIMESTAMP} ]]>
      </if>
      <if test="endDate != null" >
    and  <![CDATA[create_time <= #{endDate,jdbcType=TIMESTAMP} + 1 ]]>
      </if>
      <if test="id!= null">
  and   id = #{id,jdbcType=VARCHAR}
       </if>
      <if test="refType!= null">
  and   ref_type = #{refType,jdbcType=VARCHAR}
       </if>
      <if test="formId!= null">
  and   form_id = #{formId,jdbcType=VARCHAR}
       </if>
      <if test="applyId!= null">
  and   apply_id = #{applyId,jdbcType=VARCHAR}
       </if>
      <if test="applyName!= null">
  and   apply_name = #{applyName,jdbcType=VARCHAR}
       </if>
      <if test="applyTime!= null">
  and   apply_time = #{applyTime,jdbcType=TIMESTAMP}
       </if>
      <if test="lastVerifyId!= null">
  and   last_verify_id = #{lastVerifyId,jdbcType=VARCHAR}
       </if>
      <if test="lastVerifyName!= null">
  and   last_verify_name = #{lastVerifyName,jdbcType=VARCHAR}
       </if>
      <if test="lastVerifyTime!= null">
  and   last_verify_time = #{lastVerifyTime,jdbcType=TIMESTAMP}
       </if>
      <if test="lastVerifyInfo!= null">
  and   last_verify_info = #{lastVerifyInfo,jdbcType=VARCHAR}
       </if>
      <if test="status!= null">
  and   status = #{status,jdbcType=VARCHAR}
       </if>
      <if test="applyParam!= null">
  and   apply_param = #{applyParam,jdbcType=VARCHAR}
       </if>
      <if test="modifyTime!= null">
  and   modify_time = #{modifyTime,jdbcType=TIMESTAMP}
       </if>
      <if test="sysStatus!= null">
  and   sys_status = #{sysStatus,jdbcType=VARCHAR}
       </if>
      <if test="applyTitle!= null">
  and   apply_title = #{applyTitle,jdbcType=VARCHAR}
       </if>
      <if test="descn!= null">
  and   descn = #{descn,jdbcType=VARCHAR}
       </if>
      <if test="sysHandleTime!= null">
  and   sys_handle_time = #{sysHandleTime,jdbcType=TIMESTAMP}
       </if>
   limit #{offset}, #{limit} 
  </select>

  <select id="countByCondition" resultType="int" parameterType="com.tnp.trader.center.core.provider.dao.model.TnpApplyFlowWhereDto">
         select count(1)  from tnp_apply_flow where 1=1
      <if test="startDate != null" >
   and   <![CDATA[create_time >= #{startDate,jdbcType=TIMESTAMP} ]]>
      </if>
      <if test="endDate != null" >
  and    <![CDATA[create_time <= #{endDate,jdbcType=TIMESTAMP} + 1 ]]>
      </if>
     <if test="id != null">
   and  id = #{id,jdbcType=VARCHAR}
      </if>
     <if test="refType != null">
   and  ref_type = #{refType,jdbcType=VARCHAR}
      </if>
     <if test="formId != null">
   and  form_id = #{formId,jdbcType=VARCHAR}
      </if>
     <if test="applyId != null">
   and  apply_id = #{applyId,jdbcType=VARCHAR}
      </if>
     <if test="applyName != null">
   and  apply_name = #{applyName,jdbcType=VARCHAR}
      </if>
     <if test="applyTime != null">
   and  apply_time = #{applyTime,jdbcType=TIMESTAMP}
      </if>
     <if test="lastVerifyId != null">
   and  last_verify_id = #{lastVerifyId,jdbcType=VARCHAR}
      </if>
     <if test="lastVerifyName != null">
   and  last_verify_name = #{lastVerifyName,jdbcType=VARCHAR}
      </if>
     <if test="lastVerifyTime != null">
   and  last_verify_time = #{lastVerifyTime,jdbcType=TIMESTAMP}
      </if>
     <if test="lastVerifyInfo != null">
   and  last_verify_info = #{lastVerifyInfo,jdbcType=VARCHAR}
      </if>
     <if test="status != null">
   and  status = #{status,jdbcType=VARCHAR}
      </if>
     <if test="applyParam != null">
   and  apply_param = #{applyParam,jdbcType=VARCHAR}
      </if>
     <if test="modifyTime != null">
   and  modify_time = #{modifyTime,jdbcType=TIMESTAMP}
      </if>
     <if test="sysStatus != null">
   and  sys_status = #{sysStatus,jdbcType=VARCHAR}
      </if>
     <if test="applyTitle != null">
   and  apply_title = #{applyTitle,jdbcType=VARCHAR}
      </if>
     <if test="descn != null">
   and  descn = #{descn,jdbcType=VARCHAR}
      </if>
     <if test="sysHandleTime != null">
   and  sys_handle_time = #{sysHandleTime,jdbcType=TIMESTAMP}
      </if>
  </select>

  <update id="updateById" parameterType="com.tnp.trader.center.core.provider.dao.model.TnpApplyFlow">
      update tnp_apply_flow  set 
      modify_time = sysdate()
     <if test="id != null">
         ,id = #{id,jdbcType=VARCHAR}
      </if>
     <if test="refType != null">
         ,ref_type = #{refType,jdbcType=VARCHAR}
      </if>
     <if test="formId != null">
         ,form_id = #{formId,jdbcType=VARCHAR}
      </if>
     <if test="applyId != null">
         ,apply_id = #{applyId,jdbcType=VARCHAR}
      </if>
     <if test="applyName != null">
         ,apply_name = #{applyName,jdbcType=VARCHAR}
      </if>
     <if test="applyTime != null">
         ,apply_time = #{applyTime,jdbcType=TIMESTAMP}
      </if>
     <if test="lastVerifyId != null">
         ,last_verify_id = #{lastVerifyId,jdbcType=VARCHAR}
      </if>
     <if test="lastVerifyName != null">
         ,last_verify_name = #{lastVerifyName,jdbcType=VARCHAR}
      </if>
     <if test="lastVerifyTime != null">
         ,last_verify_time = #{lastVerifyTime,jdbcType=TIMESTAMP}
      </if>
     <if test="lastVerifyInfo != null">
         ,last_verify_info = #{lastVerifyInfo,jdbcType=VARCHAR}
      </if>
     <if test="status != null">
         ,status = #{status,jdbcType=VARCHAR}
      </if>
     <if test="applyParam != null">
         ,apply_param = #{applyParam,jdbcType=VARCHAR}
      </if>
     <if test="createTime != null">
         ,create_time = #{createTime,jdbcType=TIMESTAMP}
      </if>
     <if test="sysStatus != null">
         ,sys_status = #{sysStatus,jdbcType=VARCHAR}
      </if>
     <if test="applyTitle != null">
         ,apply_title = #{applyTitle,jdbcType=VARCHAR}
      </if>
     <if test="descn != null">
         ,descn = #{descn,jdbcType=VARCHAR}
      </if>
     <if test="sysHandleTime != null">
         ,sys_handle_time = #{sysHandleTime,jdbcType=TIMESTAMP}
      </if>
      where id = #{id,jdbcType=VARCHAR}
    </update>

  <delete id="deleteById" parameterType="com.tnp.trader.center.core.provider.dao.model.TnpApplyFlow">
      delete from tnp_apply_flow
      where id = #{id,jdbcType=VARCHAR}  
  </delete>

  <select id="queryById" resultMap="BaseResultMap" parameterType="com.tnp.trader.center.core.provider.dao.model.TnpApplyFlow">
      select   <include refid="baseColumns"/> from
     tnp_apply_flow
      where id = #{id,jdbcType=VARCHAR}  
  </select>

</mapper>