<?xml version="1.0" encoding="UTF-8" ?>
<!DOCTYPE mapper PUBLIC "-//mybatis.org//DTD Mapper 3.0//EN" "http://mybatis.org/dtd/mybatis-3-mapper.dtd">
<mapper namespace="com.tnp.trader.center.core.provider.dao.mapper.TnpFlowDetailMapper">
  <resultMap id="BaseResultMap" type="com.tnp.trader.center.core.provider.dao.model.TnpFlowDetail">
      <result column="id"  property="id"  jdbcType="VARCHAR"  />
      <result column="flow_id"  property="flowId"  jdbcType="VARCHAR"  />
      <result column="verify_id"  property="verifyId"  jdbcType="VARCHAR"  />
      <result column="status"  property="status"  jdbcType="VARCHAR"  />
      <result column="verify_name"  property="verifyName"  jdbcType="VARCHAR"  />
      <result column="verify_time"  property="verifyTime"  jdbcType="TIMESTAMP"  />
      <result column="verify_info"  property="verifyInfo"  jdbcType="VARCHAR"  />
      <result column="verify_type"  property="verifyType"  jdbcType="VARCHAR"  />
      <result column="verify_param"  property="verifyParam"  jdbcType="VARCHAR"  />
      <result column="create_time"  property="createTime"  jdbcType="TIMESTAMP"  />
      <result column="modify_time"  property="modifyTime"  jdbcType="TIMESTAMP"  />
  </resultMap>

  <sql id="baseColumns">
      id,
      flow_id,
      verify_id,
      status,
      verify_name,
      verify_time,
      verify_info,
      verify_type,
      verify_param,
      create_time,
      modify_time
  </sql>

  <insert id="insert" parameterType="com.tnp.trader.center.core.provider.dao.model.TnpFlowDetail">
      insert into tnp_flow_detail  (<include refid="baseColumns"/>) values
(#{id,jdbcType=VARCHAR},#{flowId,jdbcType=VARCHAR},#{verifyId,jdbcType=VARCHAR},#{status,jdbcType=VARCHAR},#{verifyName,jdbcType=VARCHAR},#{verifyTime,jdbcType=TIMESTAMP},#{verifyInfo,jdbcType=VARCHAR},#{verifyType,jdbcType=VARCHAR},#{verifyParam,jdbcType=VARCHAR},sysdate(),sysdate())
  </insert>

  <select id="listByCondition" resultMap="BaseResultMap" parameterType="com.tnp.trader.center.core.provider.dao.model.TnpFlowDetail">
      select   <include refid="baseColumns"/> 
   from tnp_flow_detail where 1=1
      <if test="id != null">
  and   id = #{id,jdbcType=VARCHAR}
      </if>
      <if test="flowId != null">
  and   flow_id = #{flowId,jdbcType=VARCHAR}
      </if>
      <if test="verifyId != null">
  and   verify_id = #{verifyId,jdbcType=VARCHAR}
      </if>
      <if test="status != null">
  and   status = #{status,jdbcType=VARCHAR}
      </if>
      <if test="verifyName != null">
  and   verify_name = #{verifyName,jdbcType=VARCHAR}
      </if>
      <if test="verifyTime != null">
  and   verify_time = #{verifyTime,jdbcType=TIMESTAMP}
      </if>
      <if test="verifyInfo != null">
  and   verify_info = #{verifyInfo,jdbcType=VARCHAR}
      </if>
      <if test="verifyType != null">
  and   verify_type = #{verifyType,jdbcType=VARCHAR}
      </if>
      <if test="verifyParam != null">
  and   verify_param = #{verifyParam,jdbcType=VARCHAR}
      </if>
      <if test="createTime != null">
  and   create_time = #{createTime,jdbcType=TIMESTAMP}
      </if>
      <if test="modifyTime != null">
  and   modify_time = #{modifyTime,jdbcType=TIMESTAMP}
      </if>
  </select>

  <select id="pageByCondition" resultMap="BaseResultMap" parameterType="com.tnp.trader.center.core.provider.dao.model.TnpFlowDetailWhereDto">
  select <include refid="baseColumns"/> 
   from tnp_flow_detail where 1=1
      <if test="startDate != null" >
     and <![CDATA[create_time >= #{startDate,jdbcType=TIMESTAMP} ]]>
      </if>
      <if test="endDate != null" >
    and  <![CDATA[create_time <= #{endDate,jdbcType=TIMESTAMP} + 1 ]]>
      </if>
      <if test="id!= null">
  and   id = #{id,jdbcType=VARCHAR}
       </if>
      <if test="flowId!= null">
  and   flow_id = #{flowId,jdbcType=VARCHAR}
       </if>
      <if test="verifyId!= null">
  and   verify_id = #{verifyId,jdbcType=VARCHAR}
       </if>
      <if test="status!= null">
  and   status = #{status,jdbcType=VARCHAR}
       </if>
      <if test="verifyName!= null">
  and   verify_name = #{verifyName,jdbcType=VARCHAR}
       </if>
      <if test="verifyTime!= null">
  and   verify_time = #{verifyTime,jdbcType=TIMESTAMP}
       </if>
      <if test="verifyInfo!= null">
  and   verify_info = #{verifyInfo,jdbcType=VARCHAR}
       </if>
      <if test="verifyType!= null">
  and   verify_type = #{verifyType,jdbcType=VARCHAR}
       </if>
      <if test="verifyParam!= null">
  and   verify_param = #{verifyParam,jdbcType=VARCHAR}
       </if>
      <if test="modifyTime!= null">
  and   modify_time = #{modifyTime,jdbcType=TIMESTAMP}
       </if>
   limit #{offset}, #{limit} 
  </select>

  <select id="countByCondition" resultType="int" parameterType="com.tnp.trader.center.core.provider.dao.model.TnpFlowDetailWhereDto">
         select count(1)  from tnp_flow_detail where 1=1
      <if test="startDate != null" >
   and   <![CDATA[create_time >= #{startDate,jdbcType=TIMESTAMP} ]]>
      </if>
      <if test="endDate != null" >
  and    <![CDATA[create_time <= #{endDate,jdbcType=TIMESTAMP} + 1 ]]>
      </if>
     <if test="id != null">
   and  id = #{id,jdbcType=VARCHAR}
      </if>
     <if test="flowId != null">
   and  flow_id = #{flowId,jdbcType=VARCHAR}
      </if>
     <if test="verifyId != null">
   and  verify_id = #{verifyId,jdbcType=VARCHAR}
      </if>
     <if test="status != null">
   and  status = #{status,jdbcType=VARCHAR}
      </if>
     <if test="verifyName != null">
   and  verify_name = #{verifyName,jdbcType=VARCHAR}
      </if>
     <if test="verifyTime != null">
   and  verify_time = #{verifyTime,jdbcType=TIMESTAMP}
      </if>
     <if test="verifyInfo != null">
   and  verify_info = #{verifyInfo,jdbcType=VARCHAR}
      </if>
     <if test="verifyType != null">
   and  verify_type = #{verifyType,jdbcType=VARCHAR}
      </if>
     <if test="verifyParam != null">
   and  verify_param = #{verifyParam,jdbcType=VARCHAR}
      </if>
     <if test="modifyTime != null">
   and  modify_time = #{modifyTime,jdbcType=TIMESTAMP}
      </if>
  </select>

  <update id="updateById" parameterType="com.tnp.trader.center.core.provider.dao.model.TnpFlowDetail">
      update tnp_flow_detail  set 
      modify_time = sysdate()
     <if test="id != null">
         ,id = #{id,jdbcType=VARCHAR}
      </if>
     <if test="flowId != null">
         ,flow_id = #{flowId,jdbcType=VARCHAR}
      </if>
     <if test="verifyId != null">
         ,verify_id = #{verifyId,jdbcType=VARCHAR}
      </if>
     <if test="status != null">
         ,status = #{status,jdbcType=VARCHAR}
      </if>
     <if test="verifyName != null">
         ,verify_name = #{verifyName,jdbcType=VARCHAR}
      </if>
     <if test="verifyTime != null">
         ,verify_time = #{verifyTime,jdbcType=TIMESTAMP}
      </if>
     <if test="verifyInfo != null">
         ,verify_info = #{verifyInfo,jdbcType=VARCHAR}
      </if>
     <if test="verifyType != null">
         ,verify_type = #{verifyType,jdbcType=VARCHAR}
      </if>
     <if test="verifyParam != null">
         ,verify_param = #{verifyParam,jdbcType=VARCHAR}
      </if>
     <if test="createTime != null">
         ,create_time = #{createTime,jdbcType=TIMESTAMP}
      </if>
      where id = #{id,jdbcType=VARCHAR}
    </update>

  <delete id="deleteById" parameterType="com.tnp.trader.center.core.provider.dao.model.TnpFlowDetail">
      delete from tnp_flow_detail
      where id = #{id,jdbcType=VARCHAR}  
  </delete>

  <select id="queryById" resultMap="BaseResultMap" parameterType="com.tnp.trader.center.core.provider.dao.model.TnpFlowDetail">
      select   <include refid="baseColumns"/> from
     tnp_flow_detail
      where id = #{id,jdbcType=VARCHAR}  
  </select>

</mapper>